<?xml version="1.0" encoding="UTF-8"?>
<audio>
	<event id="6a">
		<phrasegroup id="DEMO">
			<phrase>6_looktwelveismissing</phrase>
			<phrase>6_dragitintoplacelikethis</phrase>
		</phrasegroup>
	</event>
	<event id="6b">
		<phrasegroup id="PROMPT">
			<phrase>6_yourturn</phrase>
			<phrase>6_fillinthemissingnumber</phrase>
		</phrasegroup>
		<phrasegroup id="PROMPT.REPEAT">
			<phrase>6_fillinthemissingnumber</phrase>
		</phrasegroup>
	</event>
	<event id="6c">
		<phrasegroup id="PROMPT">
			<phrase>6_fillinthisone</phrase>
		</phrasegroup>
		<phrasegroup id="PROMPT.REPEAT">
			<phrase>6_fillinthemissingnumber</phrase>
		</phrasegroup>
	</event>
	<event id="6d">
		<phrasegroup id="PROMPT">
			<phrase>6_nowtwonumbersaremissing</phrase>
		</phrasegroup>
		<phrasegroup id="PROMPT.REPEAT">
			<phrase>6_fillinthemissingnumbers</phrase>
		</phrasegroup>
	</event>
	<event id="6e">
		<phrasegroup id="PROMPT">
			<phrase>6_trythese</phrase>
		</phrasegroup>
		<phrasegroup id="PROMPT.REPEAT">
			<phrase>6_fillinthemissingnumber</phrase>
		</phrasegroup>
	</event>
	<event id="6f">
		<phrasegroup id="PROMPT">
			<phrase>6_nowtrythese</phrase>
		</phrasegroup>
		<phrasegroup id="PROMPT.REPEAT">
			<phrase>6_fillinthemissingnumbers</phrase>
		</phrasegroup>
	</event>
	<event id="6g">
		<phrasegroup id="PROMPT">
			<phrase>6_thistimethreenumbersaremissing</phrase>
		</phrasegroup>
		<phrasegroup id="PROMPT.REPEAT">
			<phrase>6_fillinthemissingnumbers</phrase>
		</phrasegroup>
	</event>
	<event id="6h">
		<phrasegroup id="PROMPT">
			<phrase>6_fillinthemissingnumbers</phrase>
		</phrasegroup>
		<phrasegroup id="PROMPT.REPEAT">
			<phrase>6_fillinthemissingnumbers</phrase>
		</phrasegroup>
	</event>
	<event id="6i">
		<phrasegroup id="PROMPT">
			<phrase>6_trythese_6i</phrase>
		</phrasegroup>
		<phrasegroup id="PROMPT.REPEAT">
			<phrase>6_fillinthemissingnumbers</phrase>
		</phrasegroup>
	</event>
	<event id="6j">
		<phrasegroup id="PROMPT">
			<phrase>6_dothese</phrase>
		</phrasegroup>
		<phrasegroup id="PROMPT.REPEAT">
			<phrase>6_fillinthemissingnumbers</phrase>
		</phrasegroup>
	</event>
	<event id="6k">
		<phrasegroup id="PROMPT">
			<phrase>6_nowtrythese_6k</phrase>
		</phrasegroup>
		<phrasegroup id="PROMPT.REPEAT">
			<phrase>6_fillinthemissingnumbers</phrase>
		</phrasegroup>
	</event>
	<event id="6l">
		<phrasegroup id="PROMPT">
			<phrase>6_fillthesein</phrase>
		</phrasegroup>
		<phrasegroup id="PROMPT.REPEAT">
			<phrase>6_fillinthemissingnumbers</phrase>
		</phrasegroup>
	</event>
	<event id="6m">
		<phrasegroup id="PROMPT">
			<phrase>6_dothese_6m</phrase>
		</phrasegroup>
		<phrasegroup id="PROMPT.REPEAT">
			<phrase>6_fillinthemissingnumbers</phrase>
		</phrasegroup>
	</event>
	<event id="6n">
		<phrasegroup id="PROMPT">
			<phrase>6_herefournumbersaremissing</phrase>
		</phrasegroup>
		<phrasegroup id="PROMPT.REPEAT">
			<phrase>6_fillinthemissingnumbers</phrase>
		</phrasegroup>
	</event>
	<event id="6o">
		<phrasegroup id="PROMPT">
			<phrase>6_fillthesein_6o</phrase>
		</phrasegroup>
		<phrasegroup id="PROMPT.REPEAT">
			<phrase>6_fillinthemissingnumbers</phrase>
		</phrasegroup>
	</event>
	<event id="6p">
		<phrasegroup id="PROMPT">
			<phrase>6_nowfillthesein</phrase>
		</phrasegroup>
		<phrasegroup id="PROMPT.REPEAT">
			<phrase>6_fillinthemissingnumbers</phrase>
		</phrasegroup>
	</event>
	<event id="finale">
		<phrasegroup id="DEMO">
			<phrase>6_welldoneyoufilledinthemissingnumbersintherightplaces</phrase>
		</phrasegroup>
	</event>
	<event id="sfx">
		<phrasegroup id="tap">
			<phrase>click_snap_1</phrase>
		</phrasegroup>
	</event>
</audio>
