<?xml version="1.0" encoding="UTF-8"?>
<audio>
	<event id="4a">
		<phrasegroup id="DEMO">
			<phrase>4_letscounttogether</phrase>
		</phrasegroup>
		<phrasegroup id="DEMO2">
			<phrase>4_eleven</phrase>
			<phrase>4_twelve</phrase>
			<phrase>4_thirteen</phrase>
			<phrase>4_fourteen</phrase>
			<phrase>4_fifteen</phrase>
			<phrase>4_sixteen</phrase>
			<phrase>4_seventeen</phrase>
			<phrase>4_eighteen</phrase>
			<phrase>4_nineteen</phrase>
			<phrase>4_twenty</phrase>
		</phrasegroup>
		<phrasegroup id="DEMO3">
			<phrase>4_look</phrase>
			<phrase>4_eleven</phrase>
		</phrasegroup>
	</event>
	<event id="4c">
		<phrasegroup id="PROMPT">
			<phrase>4_whatnumbercomesaftereleven</phrase>
			<phrase>4_touchit</phrase>
		</phrasegroup>
		<phrasegroup id="PROMPT.REPEAT">
			<phrase>4_whatnumbercomesaftereleven</phrase>
		</phrasegroup>
		<phrasegroup id="CORRECT">
			<phrase>4_twelve</phrase>
		</phrasegroup>
		<phrasegroup id="INCORRECT">
			<phrase>4_whatcomesaftereleven</phrase>
		</phrasegroup>
	</event>
	<event id="4d">
		<phrasegroup id="PROMPT">
			<phrase>4_whatcomesaftertwelve</phrase>
		</phrasegroup>
		<phrasegroup id="PROMPT.REPEAT">
			<phrase>4_whatcomesaftertwelve</phrase>
		</phrasegroup>
		<phrasegroup id="CORRECT">
			<phrase>4_thirteen</phrase>
		</phrasegroup>
		<phrasegroup id="INCORRECT">
			<phrase>4_whatcomesaftertwelve</phrase>
		</phrasegroup>
	</event>
	<event id="4e">
		<phrasegroup id="PROMPT">
			<phrase>4_whatcomesafterthirteen</phrase>
		</phrasegroup>
		<phrasegroup id="PROMPT.REPEAT">
			<phrase>4_whatcomesafterthirteen</phrase>
		</phrasegroup>
		<phrasegroup id="CORRECT">
			<phrase>4_fourteen</phrase>
		</phrasegroup>
		<phrasegroup id="INCORRECT">
			<phrase>4_whatcomesafterthirteen</phrase>
		</phrasegroup>
	</event>
	<event id="4f">
		<phrasegroup id="PROMPT">
			<phrase>4_whatcomesafterfourteen</phrase>
		</phrasegroup>
		<phrasegroup id="PROMPT.REPEAT">
			<phrase>4_whatcomesafterfourteen</phrase>
		</phrasegroup>
		<phrasegroup id="CORRECT">
			<phrase>4_fifteen</phrase>
		</phrasegroup>
		<phrasegroup id="INCORRECT">
			<phrase>4_whatcomesafterfourteen</phrase>
		</phrasegroup>
	</event>
	<event id="4g">
		<phrasegroup id="PROMPT">
			<phrase>4_whatcomesafterfifteen</phrase>
		</phrasegroup>
		<phrasegroup id="PROMPT.REPEAT">
			<phrase>4_whatcomesafterfifteen</phrase>
		</phrasegroup>
		<phrasegroup id="CORRECT">
			<phrase>4_sixteen</phrase>
		</phrasegroup>
		<phrasegroup id="INCORRECT">
			<phrase>4_whatcomesafterfifteen</phrase>
		</phrasegroup>
	</event>
	<event id="4h">
		<phrasegroup id="PROMPT">
			<phrase>4_whatcomesaftersixteen</phrase>
		</phrasegroup>
		<phrasegroup id="PROMPT.REPEAT">
			<phrase>4_whatcomesaftersixteen</phrase>
		</phrasegroup>
		<phrasegroup id="CORRECT">
			<phrase>4_seventeen</phrase>
		</phrasegroup>
		<phrasegroup id="INCORRECT">
			<phrase>4_whatcomesaftersixteen</phrase>
		</phrasegroup>
	</event>
	<event id="4i">
		<phrasegroup id="PROMPT">
			<phrase>4_whatcomesafterseventeen</phrase>
		</phrasegroup>
		<phrasegroup id="PROMPT.REPEAT">
			<phrase>4_whatcomesafterseventeen</phrase>
		</phrasegroup>
		<phrasegroup id="CORRECT">
			<phrase>4_eighteen</phrase>
		</phrasegroup>
		<phrasegroup id="INCORRECT">
			<phrase>4_whatcomesafterseventeen</phrase>
		</phrasegroup>
	</event>
	<event id="4j">
		<phrasegroup id="PROMPT">
			<phrase>4_whatcomesaftereighteen</phrase>
		</phrasegroup>
		<phrasegroup id="PROMPT.REPEAT">
			<phrase>4_whatcomesaftereighteen</phrase>
		</phrasegroup>
		<phrasegroup id="CORRECT">
			<phrase>4_nineteen</phrase>
		</phrasegroup>
		<phrasegroup id="INCORRECT">
			<phrase>4_whatcomesaftereighteen</phrase>
		</phrasegroup>
	</event>
	<event id="4k">
		<phrasegroup id="PROMPT">
			<phrase>4_whatcomesafternineteen</phrase>
		</phrasegroup>
		<phrasegroup id="PROMPT.REPEAT">
			<phrase>4_whatcomesafternineteen</phrase>
		</phrasegroup>
		<phrasegroup id="CORRECT">
			<phrase>4_twenty</phrase>
		</phrasegroup>
		<phrasegroup id="INCORRECT">
			<phrase>4_whatcomesafternineteen</phrase>
		</phrasegroup>
	</event>
	<event id="4l">
		<phrasegroup id="DEMO">
			<phrase>4_eleven</phrase>
			<phrase>4_twelve</phrase>
			<phrase>4_thirteen</phrase>
			<phrase>4_fourteen</phrase>
			<phrase>4_fifteen</phrase>
			<phrase>4_sixteen</phrase>
			<phrase>4_seventeen</phrase>
			<phrase>4_eighteen</phrase>
			<phrase>4_nineteen</phrase>
			<phrase>4_twenty</phrase>
		</phrasegroup>
	</event>
	<event id="4m">
		<phrasegroup id="DEMO">
			<phrase>4_nowlook</phrase>
			<phrase>4_twelve</phrase>
			<phrase>4_thirteen</phrase>
			<phrase>4_thirteenisonemorethantwelve</phrase>
		</phrasegroup>
	</event>
	<event id="4n">
		<phrasegroup id="PROMPT">
			<phrase>4_yourturn</phrase>
			<phrase>4_whichnumberisonemorethaneleven</phrase>
			<phrase>4_touchit_4n</phrase>
		</phrasegroup>
		<phrasegroup id="PROMPT.REPEAT">
			<phrase>4_whichnumberisonemorethaneleven</phrase>
		</phrasegroup>
		<phrasegroup id="CORRECT">
			<phrase>4_twelveisonemorethaneleven</phrase>
		</phrasegroup>
		<phrasegroup id="INCORRECT">
			<phrase>4_whichnumberisonemorethaneleven</phrase>
		</phrasegroup>
	</event>
	<event id="4o">
		<phrasegroup id="PROMPT">
			<phrase>4_whichnumberisonemorethanfifteen</phrase>
		</phrasegroup>
		<phrasegroup id="PROMPT.REPEAT">
			<phrase>4_whichnumberisonemorethanfifteen</phrase>
		</phrasegroup>
		<phrasegroup id="CORRECT">
			<phrase>4_sixteenisonemorethanfifteen</phrase>
		</phrasegroup>
		<phrasegroup id="INCORRECT">
			<phrase>4_whichnumberisonemorethanfifteen</phrase>
		</phrasegroup>
	</event>
	<event id="4p">
		<phrasegroup id="PROMPT">
			<phrase>4_whichnumberisonemorethaneighteen</phrase>
		</phrasegroup>
		<phrasegroup id="PROMPT.REPEAT">
			<phrase>4_whichnumberisonemorethaneighteen</phrase>
		</phrasegroup>
		<phrasegroup id="CORRECT">
			<phrase>4_nineteenisonemorethaneighteen</phrase>
		</phrasegroup>
		<phrasegroup id="INCORRECT">
			<phrase>4_whichnumberisonemorethaneighteen</phrase>
		</phrasegroup>
	</event>
	<event id="4q">
		<phrasegroup id="PROMPT">
			<phrase>4_whichnumberisonemorethanfourteen</phrase>
		</phrasegroup>
		<phrasegroup id="PROMPT.REPEAT">
			<phrase>4_whichnumberisonemorethanfourteen</phrase>
		</phrasegroup>
		<phrasegroup id="CORRECT">
			<phrase>4_fifteenisonemorethanfourteen</phrase>
		</phrasegroup>
		<phrasegroup id="INCORRECT">
			<phrase>4_whichnumberisonemorethanfourteen</phrase>
		</phrasegroup>
	</event>
	<event id="4r">
		<phrasegroup id="PROMPT">
			<phrase>4_whichnumberisonemorethannineteen</phrase>
		</phrasegroup>
		<phrasegroup id="PROMPT.REPEAT">
			<phrase>4_whichnumberisonemorethannineteen</phrase>
		</phrasegroup>
		<phrasegroup id="CORRECT">
			<phrase>4_twentyisonemorethannineteen</phrase>
		</phrasegroup>
		<phrasegroup id="INCORRECT">
			<phrase>4_whichnumberisonemorethannineteen</phrase>
		</phrasegroup>
	</event>
	<event id="4s">
		<phrasegroup id="DEMO">
			<phrase>4_nowlook_4s</phrase>
			<phrase>4_twelve</phrase>
			<phrase>4_eleven</phrase>
			<phrase>4_elevenisonelessthantwelve</phrase>
		</phrasegroup>
	</event>
	<event id="4t">
		<phrasegroup id="PROMPT">
			<phrase>4_whichnumberisonelessthanfourteen</phrase>
		</phrasegroup>
		<phrasegroup id="PROMPT.REPEAT">
			<phrase>4_whichnumberisonelessthanfourteen</phrase>
		</phrasegroup>
		<phrasegroup id="CORRECT">
			<phrase>4_thirteenisonelessthanfourteen</phrase>
		</phrasegroup>
		<phrasegroup id="INCORRECT">
			<phrase>4_whichnumberisonelessthanfourteen</phrase>
		</phrasegroup>
	</event>
	<event id="4u">
		<phrasegroup id="PROMPT">
			<phrase>4_whichnumberisonelessthanthirteen</phrase>
		</phrasegroup>
		<phrasegroup id="PROMPT.REPEAT">
			<phrase>4_whichnumberisonelessthanthirteen</phrase>
		</phrasegroup>
		<phrasegroup id="CORRECT">
			<phrase>4_twelveisonelessthanthirteen</phrase>
		</phrasegroup>
		<phrasegroup id="INCORRECT">
			<phrase>4_whichnumberisonelessthanthirteen</phrase>
		</phrasegroup>
	</event>
	<event id="4v">
		<phrasegroup id="PROMPT">
			<phrase>4_whichnumberisonelessthantwenty</phrase>
		</phrasegroup>
		<phrasegroup id="PROMPT.REPEAT">
			<phrase>4_whichnumberisonelessthantwenty</phrase>
		</phrasegroup>
		<phrasegroup id="CORRECT">
			<phrase>4_nineteenisonelessthantwenty</phrase>
		</phrasegroup>
		<phrasegroup id="INCORRECT">
			<phrase>4_whichnumberisonelessthantwenty</phrase>
		</phrasegroup>
	</event>
	<event id="4w">
		<phrasegroup id="PROMPT">
			<phrase>4_whichnumberisonelessthanseventeen</phrase>
		</phrasegroup>
		<phrasegroup id="PROMPT.REPEAT">
			<phrase>4_whichnumberisonelessthanseventeen</phrase>
		</phrasegroup>
		<phrasegroup id="CORRECT">
			<phrase>4_sixteenisonelessthanseventeen</phrase>
		</phrasegroup>
		<phrasegroup id="INCORRECT">
			<phrase>4_whichnumberisonelessthanseventeen</phrase>
		</phrasegroup>
	</event>
	<event id="4x">
		<phrasegroup id="PROMPT">
			<phrase>4_whichnumberisonelessthannineteen</phrase>
		</phrasegroup>
		<phrasegroup id="PROMPT.REPEAT">
			<phrase>4_whichnumberisonelessthannineteen</phrase>
		</phrasegroup>
		<phrasegroup id="CORRECT">
			<phrase>4_eighteenisonelessthannineteen</phrase>
		</phrasegroup>
		<phrasegroup id="INCORRECT">
			<phrase>4_whichnumberisonelessthannineteen</phrase>
		</phrasegroup>
	</event>
	<event id="4y">
		<phrasegroup id="DEMO">
			<phrase>4_nowcountwithme</phrase>
		</phrasegroup>
		<phrasegroup id="DEMO2">
			<phrase>4_twenty</phrase>
			<phrase>4_nineteen</phrase>
			<phrase>4_eighteen</phrase>
			<phrase>4_seventeen</phrase>
			<phrase>4_sixteen</phrase>
			<phrase>4_fifteen</phrase>
			<phrase>4_fourteen</phrase>
			<phrase>4_thirteen</phrase>
			<phrase>4_twelve</phrase>
			<phrase>4_eleven</phrase>
		</phrasegroup>
	</event>
	<event id="finale">
		<phrasegroup id="DEMO">
			<phrase>4_verygoodyoushowedonemorethanandonelessthanfordifferentnumbersandyoucountedbackwards</phrase>
		</phrasegroup>
	</event>
	<event id="sfx">
		<phrasegroup id="tap">
			<phrase>click_snap_1</phrase>
		</phrasegroup>
	</event>
</audio>
